<?xml version="1.0" encoding="UTF-8"?>
<map name="Catalist" id="@+id/first_floor">
<!-- length and width of the floor   -->
	<!-- <mapSize name="mapSize"  shape="rect" coords="18690,20000,1" id="@+id/mapSize" /> -->
	
				
	<Wall name="w9" shape="poly" coords="787,315,1,1413,743,1" id="@+id/Entrance"/>
	<Wall name="w10" shape="poly" coords="1017,465,1,893,650,1" id="@+id/Entrance"/>
	<Wall name="w11" shape="poly" coords="1087,510,1,985,662,1" id="@+id/Entrance"/>
	<Wall name="w12" shape="poly" coords="1198,587,1,1090,743,1" id="@+id/Entrance"/>
	<Wall name="w13" shape="poly" coords="1305,658,1,1158,883,1" id="@+id/Entrance"/>
	<Wall name="w14" shape="poly" coords="1417,736,1,781,1684,1" id="@+id/Entrance"/>
	<Wall name="w15" shape="poly" coords="1203,810,1,985,670,1" id="@+id/Entrance"/>
	<Wall name="w16" shape="poly" coords="897,648,1,665,488,1" id="@+id/Entrance"/>
	<Wall name="w17" shape="poly" coords="787,312,1,147,1260,1" id="@+id/Entrance"/>
	<Wall name="w18" shape="poly" coords="893,652,1,677,962,1" id="@+id/Entrance"/>
	<Wall name="w19" shape="poly" coords="1269,960,1,957,754,1"  id="@+id/Entrance"/>
	<Wall name="w20" shape="poly" coords="969,756,1,697,1154,1" id="@+id/Entrance"/>
	<Wall name="w21" shape="poly" coords="453,804,1,681,958,1"  id="@+id/Entrance"/>
	<Wall name="w22" shape="poly" coords="699,1148,1,1007,1354,1"  id="@+id/Entrance"/>
	<Wall name="w23" shape="poly" coords="345,966,1,543,1094,1" id="@+id/Entrance"/>
	<Wall name="w24" shape="poly" coords="545,1100,1,343,1394,1" id="@+id/Entrance"/>
	<Wall name="w25" shape="poly" coords="469,1212,1,665,1340,1" id="@+id/Entrance"/>
	<Wall name="w26" shape="poly" coords="643,1358,1,769,1444,1" id="@+id/Entrance"/>
	<Wall name="w27" shape="poly" coords="829,1332,1,959,1430,1" id="@+id/Entrance"/>
	<Wall name="w28" shape="poly"  coords="835,1336,1,647,1602,1" id="@+id/Entrance"/>
	<Wall name="w29" shape="poly" coords="659,1340,1,535,1528,1" id="@+id/Entrance"/>
	<Wall name="w30" shape="poly" coords="147,1260,1,781,1690,1" id="@+id/Entrance"/>

	<Snode name="4"  shape="poly" edges="371,1136,1"  coords="157,1261,349,981,531,1103,347,1377" vrimage="ffimage4" id="@+id/entry"/>
	<Snode name="5"  shape="poly" edges="513,960,1"  coords="355,972,667,1192,789,1010,453,808"  vrimage="ffimage5" id="@+id/EyeWear"/>
    <Snode name="6"  shape="poly" edges="401,886,1"  coords="355,972,667,1192,789,1010,453,808"  vrimage="ffimage6" id="@+id/Electronics"/>
	<Snode name="7"  shape="poly" edges="677,1066,1"  coords="355,972,667,1192,789,1010,453,808"  vrimage="ffimage7" id="@+id/MensApperal"/>
	<Snode name="8" shape="poly" edges="603,1194,1" coords="473,1210,603,1032,989,1354,863,1504"    vrimage="ffimage8" id="@+id/MensEssentials"/>
    <Snode name="9"  shape="poly" edges="515,1332,1" coords="357,1392,471,1224,653,1348,545,1516"  vrimage="ffimage9" id="@+id/FootWear"/>
    <Snode name="10"  shape="poly" edges="659,1502,1" coords="473,1210,603,1032,989,1354,863,1504"   vrimage="ffimage10" id="@+id/Jewellery"/>
    <Snode name="11"  shape="poly" edges="657,1506,1"  coords="651,1370,759,1440,653,1590,541,1528"  vrimage="ffimage11" id="@+id/ApparelsWomen"/>
	<Snode name="12"   shape="poly" edges="911,1432,1"  coords="827,1344,949,1422,783,1674,665,1598"   vrimage="ffimage12" id="@+id/MusicWorld"/>
	<Snode name="13"  shape="poly" edges="1011,951,1" coords="705,1152,971,760,1265,958,999,1348"  vrimage="ffimage13" id="@+id/Beverages"/>
	<Snode name="14" shape="poly" edges="781,919,1" coords="919,614,1005,682,711,1128,589,1006"   vrimage="ffimage14" id="@+id/HelpDesk"/>
	<Snode name="15"  shape="poly" edges="583,766,1" coords="459,808,667,500,883,648,675,946"  vrimage="ffimage15" id="@+id/Health"/>
	<Snode name="16"  shape="poly" edges="921,688,1"  coords="919,614,1005,682,711,1128,589,1006"  vrimage="ffimage16" id="@+id/PartySupplies"/>
	<Snode name="17"   shape="poly" edges="979,731,1" coords="1015,472,1415,742,1265,950,867,688"   vrimage="ffimage17"  id="@+id/RestRoomMen"/>
	<Snode name="18" shape="poly" edges="1161,844,1" coords="1015,472,1415,742,1265,950,867,688"   vrimage="ffimage18" id="@+id/Entrance" />
	<Snode name="19" shape="poly" edges="1239,902,1" coords="1015,472,1415,742,1265,950,867,688"   vrimage="ffimage19" id="@+id/Pastries"/>
	<Snode name="20"  shape="poly" edges="1255,690,1" coords="1015,472,1415,742,1265,950,867,688"   vrimage="ffimage20" id="@+id/Dairy"/>
	<Snode name="21"  shape="poly" edges="1072,598,1" ccoords="1015,472,1415,742,1265,950,867,688"   vrimage="ffimage21" id="@+id/Dairy"/>
    <Snode name="22"   shape="poly" edges="1047,497,1" coords="1015,472,1415,742,1265,950,867,688"   vrimage="ffimage22"  id="@+id/Billing"/>
    <Snode name="23"  shape="poly" edges="1004,568,1" coords="1015,472,1415,742,1265,950,867,688"  vrimage="ffimage23"  id="@+id/entry"/>
	<Snode name="24"  shape="poly" edges="812,435,1" coords="675,490,793,326,1009,468,891,644"  vrimage="ffimage24" id="@+id/EyeWear"/>
  
    
    <Spath name="3"  shape="poly" edges="4,5" id="@+id/entry"/>
    <Spath name="4"  shape="poly" edges="5,6" id="@+id/EyeWear"/>
    <Spath name="5"  shape="poly" edges="5,7" id="@+id/Electronics"/>
	<Spath name="6"  shape="poly" edges="7,8" id="@+id/MensApperal"/>
	<Spath name="7" shape="poly" edges="7,14" id="@+id/MensEssentials"/>
	<Spath name="8" shape="poly" edges="8,9" id="@+id/MensEssentials"/>
	<Spath name="9" shape="poly" edges="8,10" id="@+id/MensEssentials"/>
    <Spath name="10"  shape="poly" edges="10,11"  id="@+id/FootWear"/>
    <Spath name="11"  shape="poly" edges="10,12" id="@+id/Jewellery"/>
    <Spath name="12"  shape="poly" edges="10,13" id="@+id/ApparelsWomen"/>
	<Spath name="13"   shape="poly" edges="14,15" id="@+id/MusicWorld"/>
	<Spath name="14"  shape="poly" edges="14,16" id="@+id/Beverages"/>
	<Spath name="15" shape="poly" edges="16,17" id="@+id/HelpDesk"/>
	<Spath name="16"  shape="poly" edges="16,23" id="@+id/Health"/>
	<Spath name="17"  shape="poly" edges="17,18"  id="@+id/PartySupplies"/>
	<Spath name="18"  shape="poly" edges="17,21"  id="@+id/PartySupplies"/>
	<Spath name="19"  shape="poly" edges="18,19"  id="@+id/PartySupplies"/>
	<Spath name="20"   shape="poly" edges="18,20" id="@+id/RestRoomMen"/>
	<Spath name="21" shape="poly" edges="23,24" id="@+id/Entrance"/> 
	<Spath name="22" shape="poly" edges="23,22" id="@+id/Entrance"/>
	<Spath name="23" shape="poly" edges="3,4" id="@+id/Entrance"/>
	
	
	<EscalatorNode name="4"   shape="poly" edges="371,1136,1" id="@+id/MusicWorld"/>

</map>