<?xml version="1.0" encoding="UTF-8"?>
<map name="Catalist" id="@+id/first_floor">

				
	<Wall  name="w1"  shape="poly"  coords="810,320,0,1420,763,0"  id="@+id/Entrance"/>
	<Wall  name="w2"  shape="poly"  coords="365,925,0,672,1145,0"  id="@+id/Entrance"/>
	<Wall  name="w3"  shape="poly"  coords="665,1145,0,515,1359,0"  id="@+id/Entrance"/>
	<Wall  name="w4"  shape="poly"  coords="580,1079,0,417,1290,0"  id="@+id/Entrance"/>
	<Wall  name="w5"  shape="poly"  coords="420,1289,0,513,1355,0"  id="@+id/Entrance"/>
	<Wall  name="w6"  shape="poly"  coords="812,317,0,147,1237,0"  id="@+id/Entrance"/>
	<Wall  name="w7"  shape="poly"  coords="1421,764,0,757,1680,0"  id="@+id/Entrance"/>
	<Wall  name="w8"  shape="poly"  coords="143,1232,0,755,1679,0"  id="@+id/Entrance"/>
	
	
	<Snode name="1"  shape="poly" edges="248,1259,0" coords="150,1235,373,937,578,1075,328,1377" vrimage="gfimage1" id="@+id/entry"/>
	<Snode name="2"  shape="poly" edges="423,1024,0" coords="150,1235,373,937,578,1075,328,1377"  vrimage="gfimage2" id="@+id/EyeWear"/>
    <Snode name="3"  shape="poly" edges="587,1130,0" coords="582,1080,667,1144,515,1349,432,1280"  vrimage="gfimage3" id="@+id/Electronics"/>
	
    
    <Spath name="1"  shape="poly" edges="1,2" id="@+id/entry"/>
    <Spath name="2"  shape="poly" edges="2,3" id="@+id/EyeWear"/>
   
	
	
	<EscalatorNode name="3"   shape="poly" edges="587,1130,0" id="@+id/MusicWorld"/>

</map>