<?xml version="1.0" encoding="UTF-8"?>
<map name="Catalist" id="@+id/first_floor">

	<Wall name="w31" shape="poly" coords="809,318,2,1429,756,2" id="@+id/Entrance" />
	<Wall name="w32" shape="poly" coords="1030,689,2,1198,799,2" id="@+id/Entrance" />
	<Wall name="w33" shape="poly"  coords="852,794,2,1019,909,2" id="@+id/Entrance" />
	<Wall name="w34" shape="poly" coords="751,941,2,913,1062,2" id="@+id/Entrance" />
	<Wall name="w35" shape="poly" coords="647,1073,2,822,1192,2" id="@+id/Entrance" />
	<Wall name="w36" shape="poly"  coords="610,1275,2,766,1403,2" id="@+id/Entrance" />
	<Wall name="w37" shape="poly" coords="1427,759,2,753,1691,2" id ="id/Entrance" />
	<Wall name="w38" shape="poly" coords="811,316,2,136,1239,2" id="@+id/Entrance" />
	<Wall name="w39" shape="poly"  coords="349,951,2,543,1088,2"  id="@+id/Entrance" />
	<Wall name="w40" shape="poly"  coords="546,1085,2,323,1381,2" id="@+id/Entrance" />
	<Wall name="w41" shape="poly"  coords="139,1241,2,755,1690,2"  id="@+id/Entrance"/>

	<Snode name="25"  shape="poly" edges="351,1150,2" coords="352,961,531,1088,329,1372,144,1239" vrimage="sfimage25"	id="@+id/entry"/>
	<Snode name="26"  shape="poly" edges="473,998,2" coords="358,949,943,1418,1181,1100,602,611" vrimage="sfimage26" id="@+id/EyeWear"/>
    <Snode name="27"  shape="poly" edges="573,870,2" coords="358,949,943,1418,1181,1100,602,611" vrimage="sfimage27" id="@+id/Electronics"/>
	<Snode name="28" shape="poly" edges="663,749,2" coords="358,949,943,1418,1181,1100,602,611" vrimage="sfimage28" id="@+id/MensApperal"/>
	<Snode name="29" shape="poly" edges="791,589,2"  coords="623,581,1218,1039,1426,761,811,329" vrimage="sfimage29" id="@+id/MensEssentials"/>
    <Snode name="30"  shape="poly" edges="885,452,2"  coords="623,581,1218,1039,1426,761,811,329" vrimage="sfimage30"  id="@+id/FootWear"/>
    <Snode name="31"  shape="poly" edges="1280,758,2" coords="623,581,1218,1039,1426,761,811,329" vrimage="sfimage31" id="@+id/ApparelsWomen"/>
	<Snode name="32"   shape="poly" edges="1155,908,2"  coords="623,581,1218,1039,1426,761,811,329" vrimage="sfimage32" id="@+id/MusicWorld"/>
	<Snode name="33"  shape="poly" edges="1069,1092,2" coords="358,949,943,1418,1181,1100,602,611" vrimage="sfimage33" id="@+id/Beverages"/>
	<Snode name="34" shape="poly" edges="999,1225,2" coords="358,949,943,1418,1181,1100,602,611" vrimage="sfimage34" id="@+id/HelpDesk"/>
	<Snode name="35"  shape="poly" edges="891,1341,2" coords="358,949,943,1418,1181,1100,602,611" vrimage="sfimage35" id="@+id/Health"/>
	<Snode name="36"  shape="poly" edges="606,1099,2" coords="358,949,943,1418,1181,1100,602,611" vrimage="sfimage36" id="@+id/PartySupplies"/>
	<Snode name="37"   shape="poly" edges="408,1377,2" coords="336,1379,540,1088,948,1415,751,1676" vrimage="sfimage37" id="@+id/RestRoomMen"/>
	<Snode name="38" shape="poly" edges="741,1613,2" coords="336,1379,540,1088,948,1415,751,1676" vrimage="sfimage38" id="@+id/Entrance" />
	
	<Spath name="24"  shape="poly" edges="25,26" id="@+id/EyeWear"/>
    <Spath name="25"  shape="poly" edges="26,27" id="@+id/Electronics"/>
	<Spath name="26"  shape="poly" edges="26,36" id="@+id/MensApperal"/>
	<Spath name="27"  shape="poly" edges="36,37" id="@+id/MensApperal"/>
	<Spath name="28" shape="poly" edges="36,35" id="@+id/MensEssentials"/>
	<Spath name="29" shape="poly" edges="37,38" id="@+id/MensEssentials"/>
    <Spath name="30"  shape="poly" edges="26,34"  id="@+id/FootWear"/>
    <Spath name="31"  shape="poly" edges="28,33" id="@+id/Jewellery"/>
    <Spath name="32"  shape="poly" edges="29,32" id="@+id/Jewellery"/>	
    <Spath name="33"  shape="poly" edges="30,31" id="@+id/ApparelsWomen"/>
	
	
	
	<EscalatorNode name="25"   shape="poly" edges="351,1150,2" id="@+id/MusicWorld"/>


</map>